Country Name,Country Code,Series Name,Series Code,2000 [YR2000],2001 [YR2001],2002 [YR2002],2003 [YR2003],2004 [YR2004],2005 [YR2005],2006 [YR2006],2007 [YR2007],2008 [YR2008],2009 [YR2009],2010 [YR2010],2011 [YR2011],2012 [YR2012],2013 [YR2013],2014 [YR2014],2015 [YR2015],2016 [YR2016],2017 [YR2017],2018 [YR2018],2019 [YR2019],2020 [YR2020],2021 [YR2021]
Afghanistan,AFG,CO2 emissions (kt),EN.ATM.CO2E.KT,760,730,1029.99997138977,1220.00002861023,1029.99997138977,1549.99995231628,1759.99999046326,1769.99998092651,3559.99994277954,4880.00011444092,7110.0001335144,8930.00030517578,8079.99992370605,5989.99977111816,4880.00011444092,5949.99980926514,5300.00019073486,4780.00020980835,6070.00017166138,6079.99992370605,..,..
Albania,ALB,CO2 emissions (kt),EN.ATM.CO2E.KT,3170,3230,3759.99999046326,4070.00017166138,4250,4030.00020980835,4010.00022888184,4139.9998664856,4079.99992370605,4219.99979019165,4449.99980926514,4849.99990463257,4360.0001335144,4440.00005722046,4820.00017166138,4619.99988555908,4480.00001907349,5139.9998664856,5110.0001335144,4829.99992370605,..,..
Algeria,DZA,CO2 emissions (kt),EN.ATM.CO2E.KT,80050,78650,82400.0015258789,88190.0024414063,89489.9978637695,94190.0024414063,99809.9975585938,102750,107750,112169.998168945,114180.000305176,120790.000915527,134929.992675781,139020.004272461,147740.005493164,156270.004272461,154910.003662109,158339.996337891,165539.993286133,171250,..,..
American Samoa,ASM,CO2 emissions (kt),EN.ATM.CO2E.KT,..,..,..,..,..,..,..,..,..,..,..,..,..,..,..,..,..,..,..,..,..,..
Andorra,AND,CO2 emissions (kt),EN.ATM.CO2E.KT,520,520,529.999971389771,529.999971389771,560.000002384186,579.999983310699,550.000011920929,540.000021457672,540.000021457672,519.999980926514,519.999980926514,490.000009536743,490.000009536743,479.999989271164,460.00000834465,469.999998807907,469.999998807907,469.999998807907,490.000009536743,500,..,..
Angola,AGO,CO2 emissions (kt),EN.ATM.CO2E.KT,16200,15960,15689.9995803833,16760.0002288818,17450.0007629395,15810.0004196167,16559.9994659424,16969.9993133545,19280.0006866455,21149.9996185303,22799.9992370605,23870.0008392334,23870.0008392334,26959.9990844727,29629.9991607666,31649.9996185303,29760.0002288818,24250,23959.9990844727,25209.9990844727,..,..
Antigua and Barbuda,ATG,CO2 emissions (kt),EN.ATM.CO2E.KT,330,350,389.999985694885,409.999996423721,400.000005960464,409.999996423721,439.999997615814,460.00000834465,479.999989271164,1389.99998569489,490.000009536743,540.000021457672,699.999988079071,469.999998807907,479.999989271164,490.000009536743,500,500,509.999990463257,519.999980926514,..,..
Argentina,ARG,CO2 emissions (kt),EN.ATM.CO2E.KT,132270,125260,117470.001220703,127660.003662109,141380.004882813,145990.005493164,154899.993896484,162809.997558594,167229.995727539,156570.007324219,167220.001220703,176639.999389648,177960.006713867,183250,179600.006103516,185550.003051758,183160.003662109,179320.007324219,176899.993896484,168100.006103516,..,..
Armenia,ARM,CO2 emissions (kt),EN.ATM.CO2E.KT,3560,3600,3119.99988555908,3500,3759.99999046326,4460.00003814697,4489.99977111816,5199.99980926514,5690.00005722046,4510.00022888184,4340.00015258789,4940.00005722046,5719.99979019165,5500,5480.00001907349,5340.00015258789,5070.00017166138,5369.99988555908,5710.00003814697,6170.00007629395,..,..
Aruba,ABW,CO2 emissions (kt),EN.ATM.CO2E.KT,..,..,..,..,..,..,..,..,..,..,..,..,..,..,..,..,..,..,..,..,..,..
Australia,AUS,CO2 emissions (kt),EN.ATM.CO2E.KT,339450,345640,353369.995117188,352579.986572266,365809.997558594,370089.996337891,375489.990234375,385750,388940.002441406,395290.008544922,387540.008544922,386380.004882813,386970.001220703,380279.998779297,371630.004882813,377799.987792969,384989.990234375,389160.003662109,387070.007324219,386529.998779297,..,..
Austria,AUT,CO2 emissions (kt),EN.ATM.CO2E.KT,63530,67910,69370.002746582,74459.9990844727,75800.0030517578,76239.9978637695,74099.9984741211,71239.9978637695,70730.0033569336,64419.9981689453,69959.9990844727,68269.9966430664,65110.0006103516,65750,62049.9992370605,63240.0016784668,63680.0003051758,65860.0006103516,63060.001373291,64769.9966430664,..,..
Azerbaijan,AZE,CO2 emissions (kt),EN.ATM.CO2E.KT,27690,26400,26180.0003051758,28569.9996948242,28309.9994659424,30040.0009155273,30489.9997711182,27629.9991607666,30450.0007629395,25500,24309.9994659424,27280.0006866455,30110.0006103516,30940.0005340576,32240.0016784668,31770.0004577637,32240.0016784668,31959.9990844727,32729.9995422363,35509.9983215332,..,..
"Bahamas, The",BHS,CO2 emissions (kt),EN.ATM.CO2E.KT,2230,2220,2400.00009536743,2380.00011444092,2250,2109.99989509583,2099.99990463257,2119.99988555908,2200.00004768372,6170.00007629395,2079.99992370605,2569.9999332428,3549.99995231628,2809.99994277954,2519.99998092651,2210.00003814697,2039.99996185303,2170.00007629395,2799.99995231628,2839.99991416931,..,..
Bahrain,BHR,CO2 emissions (kt),EN.ATM.CO2E.KT,15880,16390,17219.9993133545,17940.0005340576,17930.0003051758,20690.0005340576,22489.9997711182,23000,24760.0002288818,24719.9993133545,25969.9993133545,26020.0004577637,27170.0000762939,28850.0003814697,30280.0006866455,30579.9999237061,30299.9992370605,30520.0004577637,30809.9994659424,33259.9983215332,..,..
Bangladesh,BGD,CO2 emissions (kt),EN.ATM.CO2E.KT,21650,25780,27430.0003051758,28629.9991607666,30530.0006866455,32709.9990844727,35900.0015258789,37990.0016784668,41580.0018310547,44750,50580.0018310547,54419.9981689453,57990.0016784668,60599.9984741211,63830.0018310547,72190.0024414063,74379.997253418,79339.9963378906,83449.9969482422,90739.9978637695,..,..
Barbados,BRB,CO2 emissions (kt),EN.ATM.CO2E.KT,1240,1310,1370.00000476837,1379.99999523163,1360.00001430511,1419.99995708466,1470.00002861023,1480.00001907349,1779.99997138977,4619.99988555908,1549.99995231628,1759.99999046326,2119.99988555908,1440.00005722046,1269.99998092651,1269.99998092651,1289.99996185303,1179.99994754791,1240.00000953674,1250,..,..
Belarus,BLR,CO2 emissions (kt),EN.ATM.CO2E.KT,52940,51880,51840.0001525879,52700.0007629395,56040.0009155273,56779.9987792969,59119.9989318848,57650.0015258789,60529.9987792969,57400.0015258789,61669.9981689453,58549.9992370605,59939.998626709,59990.0016784668,59500,54819.9996948242,55139.9993896484,56009.9983215332,58950.0007629395,57669.9981689453,..,..
Belgium,BEL,CO2 emissions (kt),EN.ATM.CO2E.KT,117270,118340,110849.998474121,115500,114019.996643066,110610.000610352,108650.001525879,104589.996337891,106930.000305176,99669.9981689453,106720.001220703,96480.0033569336,95269.9966430664,96589.9963378906,90139.9993896484,95129.997253418,94220.0012207031,92720.0012207031,93660.0036621094,93010.0021362305,..,..
Belize,BLZ,CO2 emissions (kt),EN.ATM.CO2E.KT,450,530,519.999980926514,509.999990463257,439.999997615814,469.999998807907,509.999990463257,529.999971389771,500,1460.00003814697,560.000002384186,670.000016689301,670.000016689301,460.00000834465,479.999989271164,680.000007152557,649.999976158142,639.999985694885,629.999995231628,639.999985694885,..,..
Benin,BEN,CO2 emissions (kt),EN.ATM.CO2E.KT,1420,1740,2180.0000667572,2440.00005722046,2650.00009536743,2900.00009536743,3470.00002861023,4000,4019.99998092651,4420.00007629395,4829.99992370605,4650.00009536743,4440.00005722046,4679.99982833862,5190.00005722046,5510.00022888184,6739.99977111816,6869.99988555908,7420.00007629395,7300.00019073486,..,..
Bermuda,BMU,CO2 emissions (kt),EN.ATM.CO2E.KT,..,..,..,..,..,..,..,..,..,..,..,..,..,..,..,..,..,..,..,..,..,..
Bhutan,BTN,CO2 emissions (kt),EN.ATM.CO2E.KT,210,230,239.999994635582,259.999990463257,289.99999165535,319.999992847443,319.999992847443,319.999992847443,300.000011920929,319.999992847443,400.000005960464,589.999973773956,639.999985694885,670.000016689301,699.999988079071,769.999980926514,930.000007152557,970.000028610229,1049.99995231628,1049.99995231628,..,..
Bolivia,BOL,CO2 emissions (kt),EN.ATM.CO2E.KT,8210,8050,8300.00019073486,9079.99992370605,9489.99977111816,10050.0001907349,11229.9995422363,12079.9999237061,13109.9996566772,14000,15170.0000762939,16610.0006103516,17420.0000762939,18739.9997711182,20409.9998474121,20760.0002288818,22010.0002288818,22750,23229.9995422363,22340.0001525879,..,..
Bosnia and Herzegovina,BIH,CO2 emissions (kt),EN.ATM.CO2E.KT,13960,13760,14560.0004196167,14869.9998855591,15569.9996948242,16229.9995422363,17909.9998474121,18889.9993896484,20760.0002288818,20590.0001525879,20840.0001525879,23739.9997711182,21959.9990844727,21850.0003814697,19489.9997711182,19620.0008392334,22340.0001525879,22680.0003051758,22600.0003814697,21069.9996948242,..,..
Botswana,BWA,CO2 emissions (kt),EN.ATM.CO2E.KT,4030,3870,4030.00020980835,3920.00007629395,3970.00002861023,4280.00020980835,4090.00015258789,4320.00017166138,4389.9998664856,4190.00005722046,3369.99988555908,3880.00011444092,3410.00008583069,5420.00007629395,6989.99977111816,6949.99980926514,6630.00011444092,7329.99992370605,7309.99994277954,7250,..,..
Brazil,BRA,CO2 emissions (kt),EN.ATM.CO2E.KT,313670,319380,317760.009765625,310809.997558594,328519.989013672,331690.002441406,335619.995117188,352559.997558594,373630.004882813,350000,397929.992675781,418309.997558594,454230.010986328,486839.996337891,511619.995117188,485339.996337891,447079.986572266,456489.990234375,433989.990234375,434299.987792969,..,..
British Virgin Islands,VGB,CO2 emissions (kt),EN.ATM.CO2E.KT,..,..,..,..,..,..,..,..,..,..,..,..,..,..,..,..,..,..,..,..,..,..
Brunei Darussalam,BRN,CO2 emissions (kt),EN.ATM.CO2E.KT,4720,4710,4619.99988555908,5519.99998092651,5099.99990463257,4989.99977111816,7519.99998092651,7139.9998664856,7909.99984741211,7869.99988555908,7170.00007629395,7329.99992370605,7300.00019073486,7210.00003814697,7079.99992370605,6400.00009536743,6969.99979019165,7289.99996185303,7539.99996185303,6989.99977111816,..,..
Bulgaria,BGR,CO2 emissions (kt),EN.ATM.CO2E.KT,43420,46190,43599.9984741211,47930.0003051758,47270.0004577637,47990.0016784668,48950.0007629395,52599.9984741211,50040.0009155273,42909.9998474121,44740.0016784668,49639.9993896484,45020.0004577637,39659.9998474121,42049.9992370605,44560.001373291,41590.0001525879,43880.0010681152,40900.0015258789,39139.9993896484,..,..
Burkina Faso,BFA,CO2 emissions (kt),EN.ATM.CO2E.KT,940,970,959.999978542328,1039.99996185303,1059.99994277954,1059.99994277954,1240.00000953674,1409.9999666214,1700.00004768372,1730.00001907349,2289.99996185303,2460.00003814697,2940.00005722046,3130.00011444092,3180.0000667572,3700.00004768372,3700.00004768372,4269.99998092651,4670.00007629395,5000,..,..
Burundi,BDI,CO2 emissions (kt),EN.ATM.CO2E.KT,260,200,209.999993443489,159.999996423721,150.000005960464,150.000005960464,180.000007152557,180.000007152557,180.000007152557,180.000007152557,300.000011920929,360.000014305115,370.000004768372,389.999985694885,379.999995231628,400.000005960464,439.999997615814,529.999971389771,689.999997615814,720.000028610229,..,..
Cabo Verde,CPV,CO2 emissions (kt),EN.ATM.CO2E.KT,220,240,280.000001192093,310.000002384186,330.000013113022,439.999997615814,500,460.00000834465,479.999989271164,509.999990463257,540.000021457672,569.999992847443,529.999971389771,509.999990463257,500,500,550.000011920929,589.999973773956,610.000014305115,649.999976158142,..,..
Cambodia,KHM,CO2 emissions (kt),EN.ATM.CO2E.KT,1960,2150,2210.00003814697,2380.00011444092,2380.00011444092,2660.00008583069,2960.00003814697,3660.00008583069,4059.99994277954,4750,5139.9998664856,5360.0001335144,5670.00007629395,5739.99977111816,6949.99980926514,8430.00030517578,11069.9996948242,12689.9995803833,14579.9999237061,16180.0003051758,..,..
Cameroon,CMR,CO2 emissions (kt),EN.ATM.CO2E.KT,5210,5160,5130.00011444092,5210.00003814697,5119.99988555908,5019.99998092651,5090.00015258789,6130.00011444092,6389.9998664856,7030.00020980835,7010.00022888184,6809.99994277954,6880.00011444092,7550.00019073486,8250,8460.00003814697,9079.99992370605,9170.00007629395,9590.00015258789,9430.00030517578,..,..
Canada,CAN,CO2 emissions (kt),EN.ATM.CO2E.KT,514220,506620,524349.975585938,544539.978027344,536419.982910156,549030.029296875,540530.029296875,571630.004882813,550469.970703125,521320.007324219,537010.009765625,549289.978027344,546210.021972656,555659.973144531,561679.992675781,558700.012207031,556830.017089844,568080.017089844,580090.026855469,580210.021972656,..,..
Cayman Islands,CYM,CO2 emissions (kt),EN.ATM.CO2E.KT,..,..,..,..,..,..,..,..,..,..,..,..,..,..,..,..,..,..,..,..,..,..
Central African Republic,CAF,CO2 emissions (kt),EN.ATM.CO2E.KT,240,250,250,230.000004172325,230.000004172325,219.999998807907,230.000004172325,239.999994635582,170.000001788139,170.000001788139,170.000001788139,189.999997615814,200.000002980232,119.999997317791,129.999995231628,189.999997615814,209.999993443489,219.999998807907,230.000004172325,239.999994635582,..,..
Chad,TCD,CO2 emissions (kt),EN.ATM.CO2E.KT,290,340,400.000005960464,449.999988079071,449.999988079071,479.999989271164,509.999990463257,500,540.000021457672,790.000021457672,1240.00000953674,1100.00002384186,1860.00001430511,2190.00005722046,2259.99999046326,2390.00010490417,2210.00003814697,2150.00009536743,2190.00005722046,2250,..,..
Channel Islands,CHI,CO2 emissions (kt),EN.ATM.CO2E.KT,..,..,..,..,..,..,..,..,..,..,..,..,..,..,..,..,..,..,..,..,..,..
Chile,CHL,CO2 emissions (kt),EN.ATM.CO2E.KT,50420,48430,49119.9989318848,50200.0007629395,54970.0012207031,55970.0012207031,57150.0015258789,64569.9996948242,67989.9978637695,65449.9969482422,69750,76470.0012207031,78410.0036621094,83000,76559.9975585938,82230.0033569336,86489.9978637695,87069.9996948242,86610.0006103516,91370.002746582,..,..
China,CHN,CO2 emissions (kt),EN.ATM.CO2E.KT,3346530,3529080,3810060.05859375,4415910.15625,5124819.82421875,5824629.8828125,6437470.21484375,6993180.17578125,7199600.09765625,7719069.82421875,8474919.921875,9282549.8046875,9541870.1171875,9984570.3125,10006669.921875,9861099.609375,9874660.15625,10096009.765625,10502929.6875,10707219.7265625,..,..
Colombia,COL,CO2 emissions (kt),EN.ATM.CO2E.KT,58340,58940,56770.0004577637,56110.0006103516,56110.0006103516,57639.9993896484,57689.998626709,59180.0003051758,59779.9987792969,62009.9983215332,63560.001373291,69099.9984741211,69699.9969482422,76860.0006103516,79199.9969482422,80230.0033569336,82680.0003051758,74989.9978637695,78589.9963378906,81040.0009155273,..,..
Comoros,COM,CO2 emissions (kt),EN.ATM.CO2E.KT,100,110,109.999999403954,140.000000596046,150.000005960464,150.000005960464,170.000001788139,109.999999403954,109.999999403954,140.000000596046,170.000001788139,150.000005960464,159.999996423721,189.999997615814,170.000001788139,189.999997615814,219.999998807907,280.000001192093,300.000011920929,319.999992847443,..,..
"Congo, Dem. Rep.",COD,CO2 emissions (kt),EN.ATM.CO2E.KT,1630,1570,1649.99997615814,2000,1940.00005722046,2210.00003814697,2279.99997138977,2470.00002861023,2549.99995231628,2500,2650.00009536743,3019.99998092651,2829.99992370605,3960.00003814697,5139.9998664856,3230.00001907349,2420.00007629395,2849.99990463257,3119.99988555908,3210.00003814697,..,..
"Congo, Rep.",COG,CO2 emissions (kt),EN.ATM.CO2E.KT,4350,4240,2759.99999046326,3230.00001907349,3519.99998092651,4309.99994277954,4780.00020980835,4150.00009536743,4360.0001335144,4840.00015258789,5420.00007629395,5380.00011444092,5260.00022888184,5329.99992370605,5190.00005722046,5659.99984741211,5500,5409.99984741211,6489.99977111816,7260.00022888184,..,..
Costa Rica,CRI,CO2 emissions (kt),EN.ATM.CO2E.KT,4950,5420,5519.99998092651,5800.00019073486,5940.00005722046,6269.99998092651,6559.99994277954,7599.99990463257,7519.99998092651,7199.99980926514,7110.0001335144,7429.99982833862,7449.99980926514,7780.00020980835,7829.99992370605,7539.99996185303,8079.99992370605,8260.00022888184,8369.99988555908,8239.99977111816,..,..
Cote d'Ivoire,CIV,CO2 emissions (kt),EN.ATM.CO2E.KT,6490,6490,6840.00015258789,5309.99994277954,5469.99979019165,5880.00011444092,5699.99980926514,5659.99984741211,6469.99979019165,6030.00020980835,6349.99990463257,6119.99988555908,8039.99996185303,8689.9995803833,9199.99980926514,9810.0004196167,9590.00015258789,10560.0004196167,10189.9995803833,10829.9999237061,..,..
Croatia,HRV,CO2 emissions (kt),EN.ATM.CO2E.KT,18040,19200,20280.0006866455,21610.0006103516,21100.0003814697,21450.0007629395,21610.0006103516,22879.9991607666,21729.9995422363,20309.9994659424,19459.9990844727,19030.0006866455,17409.9998474121,17010.0002288818,16239.9997711182,16600.0003814697,16879.9991607666,17409.9998474121,16430.0003051758,16520.0004577637,..,..
Cuba,CUB,CO2 emissions (kt),EN.ATM.CO2E.KT,28350,27470,26420.0000762939,25629.9991607666,25360.0006103516,26319.9996948242,26780.0006866455,27680.0003051758,26750,26979.9995422363,28110.0006103516,27590.0001525879,28690.0005340576,28870.0008392334,26690.0005340576,29209.9990844727,27170.0000762939,26239.9997711182,26709.9990844727,25909.9998474121,..,..
Curacao,CUW,CO2 emissions (kt),EN.ATM.CO2E.KT,..,..,..,..,..,..,..,..,..,..,..,..,..,..,..,..,..,..,..,..,..,..
Cyprus,CYP,CO2 emissions (kt),EN.ATM.CO2E.KT,7130,6990,7170.00007629395,7829.99992370605,7780.00020980835,7900.00009536743,8000,8310.0004196167,8489.99977111816,8279.99973297119,7900.00009536743,7630.00011444092,7099.99990463257,6429.99982833862,6809.99994277954,6849.99990463257,7219.99979019165,7360.0001335144,7199.99980926514,7190.00005722046,..,..
Czechia,CZE,CO2 emissions (kt),EN.ATM.CO2E.KT,123170,122720,118529.998779297,122769.996643066,123440.002441406,119989.99786377,120599.998474121,123620.002746582,118309.997558594,111169.998168945,112250,109169.998168945,106069.999694824,101150.001525879,97510.0021362305,99139.9993896484,101730.003356934,101830.001831055,100900.001525879,96290.0009155273,..,..
Denmark,DNK,CO2 emissions (kt),EN.ATM.CO2E.KT,52600,54250,53840.0001525879,59229.9995422363,53729.9995422363,50200.0007629395,58130.0010681152,53409.9998474121,50130.0010681152,47930.0003051758,48119.9989318848,43099.9984741211,38220.0012207031,39959.9990844727,35819.9996948242,33700.0007629395,35319.9996948242,33130.0010681152,33130.0010681152,29700.0007629395,..,..
Djibouti,DJI,CO2 emissions (kt),EN.ATM.CO2E.KT,370,380,400.000005960464,409.999996423721,400.000005960464,430.000007152557,430.000007152557,469.999998807907,469.999998807907,469.999998807907,519.999980926514,479.999989271164,500,560.000002384186,400.000005960464,460.00000834465,419.999986886978,419.999986886978,400.000005960464,419.999986886978,..,..
Dominica,DMA,CO2 emissions (kt),EN.ATM.CO2E.KT,130,150,119.999997317791,140.000000596046,159.999996423721,159.999996423721,170.000001788139,180.000007152557,180.000007152557,500,180.000007152557,180.000007152557,250,170.000001788139,180.000007152557,180.000007152557,180.000007152557,170.000001788139,170.000001788139,170.000001788139,..,..
Dominican Republic,DOM,CO2 emissions (kt),EN.ATM.CO2E.KT,18670,18980,20879.9991607666,18729.9995422363,17280.0006866455,18690.0005340576,20370.0008392334,20629.9991607666,20579.9999237061,19659.9998474121,20680.0003051758,20909.9998474121,21680.0003051758,21290.0009155273,21450.0007629395,23590.0001525879,24590.0001525879,23549.9992370605,25309.9994659424,27229.9995422363,..,..
Ecuador,ECU,CO2 emissions (kt),EN.ATM.CO2E.KT,22050,24250,24170.0000762939,24659.9998474121,26180.0003051758,28219.9993133545,30129.9991607666,30639.9993896484,31690.0005340576,34500,37250,37099.9984741211,37090.0001525879,39700.0007629395,41799.9992370605,41520.0004577637,39810.001373291,38549.9992370605,40139.9993896484,39290.0009155273,..,..
"Egypt, Arab Rep.",EGY,CO2 emissions (kt),EN.ATM.CO2E.KT,114610,126700,129440.002441406,133020.004272461,144500,162220.001220703,170750,183399.993896484,189940.002441406,197660.003662109,200309.997558594,205770.004272461,215000,213860.000610352,219119.995117188,226279.998779297,231229.995727539,242229.995727539,247910.003662109,249369.995117188,..,..
El Salvador,SLV,CO2 emissions (kt),EN.ATM.CO2E.KT,5630,5870,5940.00005722046,6510.00022888184,6679.99982833862,6840.00015258789,7239.99977111816,7630.00011444092,6909.99984741211,6679.99982833862,6539.99996185303,6780.00020980835,6769.99998092651,6460.00003814697,6590.00015258789,7000,7170.00007629395,6380.00011444092,6809.99994277954,7800.00019073486,..,..
Equatorial Guinea,GNQ,CO2 emissions (kt),EN.ATM.CO2E.KT,2220,3400,4630.00011444092,5010.00022888184,6199.99980926514,8319.99969482422,9369.99988555908,8539.99996185303,9779.99973297119,9710.00003814697,9949.99980926514,9989.99977111816,9819.99969482422,9180.00030517578,7909.99984741211,6570.00017166138,6659.99984741211,5800.00019073486,6429.99982833862,5349.99990463257,..,..
Eritrea,ERI,CO2 emissions (kt),EN.ATM.CO2E.KT,640,700,680.000007152557,689.999997615814,680.000007152557,600.000023841858,519.999980926514,509.999990463257,449.999988079071,469.999998807907,500,569.999992847443,620.000004768372,639.999985694885,649.999976158142,649.999976158142,660.000026226044,720.000028610229,850.000023841858,879.999995231628,..,..
Estonia,EST,CO2 emissions (kt),EN.ATM.CO2E.KT,14920,15380,14949.9998092651,16940.0005340576,17020.0004577637,17229.9995422363,15979.9995422363,19979.9995422363,18399.9996185303,15050.0001907349,19000,18170.0000762939,16889.9993896484,19319.9996948242,17940.0005340576,15539.999961853,15989.9997711182,16709.9990844727,15319.9996948242,10180.0003051758,..,..
Eswatini,SWZ,CO2 emissions (kt),EN.ATM.CO2E.KT,690,610,620.000004768372,629.999995231628,629.999995231628,660.000026226044,649.999976158142,660.000026226044,629.999995231628,699.999988079071,649.999976158142,660.000026226044,680.000007152557,750,750,769.999980926514,839.999973773956,889.999985694885,910.000026226044,959.999978542328,..,..
Ethiopia,ETH,CO2 emissions (kt),EN.ATM.CO2E.KT,3560,4400,4570.00017166138,5019.99998092651,5329.99992370605,5050.00019073486,5400.00009536743,5960.00003814697,6489.99977111816,6530.00020980835,6469.99979019165,7539.99996185303,8479.99954223633,10079.9999237061,12340.0001525879,12890.0003433228,14970.0002670288,15819.9996948242,17239.9997711182,18360.0006103516,..,..
Faroe Islands,FRO,CO2 emissions (kt),EN.ATM.CO2E.KT,..,..,..,..,..,..,..,..,..,..,..,..,..,..,..,..,..,..,..,..,..,..
Fiji,FJI,CO2 emissions (kt),EN.ATM.CO2E.KT,810,1040,879.999995231628,1049.99995231628,1470.00002861023,1289.99996185303,1379.99999523163,1259.99999046326,970.000028610229,970.000028610229,1159.9999666214,1110.00001430511,1029.99997138977,1129.99999523163,1289.99996185303,1379.99999523163,1519.99998092651,1649.99997615814,1629.99999523163,1629.99999523163,..,..
Finland,FIN,CO2 emissions (kt),EN.ATM.CO2E.KT,55100,61090,63439.998626709,71709.9990844727,67680.0003051758,55459.9990844727,67019.9966430664,65099.9984741211,56659.9998474121,54180.0003051758,62529.9987792969,55119.9989318848,49409.9998474121,50189.998626709,46159.9998474121,42819.9996948242,45700.0007629395,43020.0004577637,44580.0018310547,40709.9990844727,..,..
France,FRA,CO2 emissions (kt),EN.ATM.CO2E.KT,373120,376730,371019.989013672,376709.991455078,377790.008544922,380660.003662109,371549.987792969,362829.986572266,357989.990234375,343730.010986328,347779.998779297,335140.014648438,338420.013427734,338559.997558594,306100.006103516,311299.987792969,313920.013427734,317829.986572266,307049.987792969,300519.989013672,..,..
French Polynesia,PYF,CO2 emissions (kt),EN.ATM.CO2E.KT,..,..,..,..,..,..,..,..,..,..,..,..,..,..,..,..,..,..,..,..,..,..
Gabon,GAB,CO2 emissions (kt),EN.ATM.CO2E.KT,6080,6230,5960.00003814697,6440.00005722046,6090.00015258789,6059.99994277954,5440.00005722046,4940.00005722046,5269.99998092651,5199.99980926514,5760.00022888184,5780.00020980835,5599.99990463257,5789.99996185303,5960.00003814697,6119.99988555908,6420.00007629395,5329.99992370605,5119.99988555908,5250,..,..
"Gambia, The",GMB,CO2 emissions (kt),EN.ATM.CO2E.KT,240,310,300.000011920929,300.000011920929,319.999992847443,330.000013113022,360.000014305115,409.999996423721,430.000007152557,490.000009536743,439.999997615814,449.999988079071,460.00000834465,439.999997615814,519.999980926514,529.999971389771,529.999971389771,540.000021457672,550.000011920929,579.999983310699,..,..
Georgia,GEO,CO2 emissions (kt),EN.ATM.CO2E.KT,4770,3520,2960.00003814697,3160.00008583069,3369.99988555908,4239.99977111816,4699.99980926514,5630.00011444092,4840.00015258789,5619.99988555908,5320.00017166138,6519.99998092651,7190.00005722046,7840.00015258789,8470.00026702881,9199.99980926514,9649.99961853027,9729.99954223633,9569.99969482422,10109.9996566772,..,..
Germany,DEU,CO2 emissions (kt),EN.ATM.CO2E.KT,830280,847680,833380.004882813,836789.978027344,821070.007324219,802380.004882813,814409.973144531,783799.987792969,789690.002441406,734809.997558594,773070.007324219,746479.98046875,760130.004882813,776150.024414063,736010.009765625,742309.997558594,747150.024414063,732200.012207031,707700.012207031,657400.024414063,..,..
Ghana,GHA,CO2 emissions (kt),EN.ATM.CO2E.KT,5740,6210,7429.99982833862,7139.9998664856,6679.99982833862,7039.99996185303,8510.00022888184,9119.99988555908,8659.99984741211,10010.0002288818,11189.9995803833,11750,14609.9996566772,15630.0001144409,15090.0001525879,15779.9997329712,16069.9996948242,17010.0002288818,18680.0003051758,20040.0009155273,..,..
Gibraltar,GIB,CO2 emissions (kt),EN.ATM.CO2E.KT,..,..,..,..,..,..,..,..,..,..,..,..,..,..,..,..,..,..,..,..,..,..
Greece,GRC,CO2 emissions (kt),EN.ATM.CO2E.KT,94460,96610,96599.9984741211,100220.001220703,99839.9963378906,101949.996948242,100699.996948242,104309.997558594,100410.003662109,94739.9978637695,87580.0018310547,84550.0030517578,80089.9963378906,72480.0033569336,69550.0030517578,68010.0021362305,66849.9984741211,66800.0030517578,65019.9966430664,60000,..,..
Greenland,GRL,CO2 emissions (kt),EN.ATM.CO2E.KT,..,..,..,..,..,..,..,..,..,..,..,..,..,..,..,..,..,..,..,..,..,..
Grenada,GRD,CO2 emissions (kt),EN.ATM.CO2E.KT,210,230,239.999994635582,250,230.000004172325,250,259.999990463257,280.000001192093,289.99999165535,810.000002384186,289.99999165535,310.000002384186,409.999996423721,319.999992847443,250,270.000010728836,280.000001192093,289.99999165535,319.999992847443,330.000013113022,..,..
Guam,GUM,CO2 emissions (kt),EN.ATM.CO2E.KT,..,..,..,..,..,..,..,..,..,..,..,..,..,..,..,..,..,..,..,..,..,..
Guatemala,GTM,CO2 emissions (kt),EN.ATM.CO2E.KT,9420,9810,10470.0002670288,10539.999961853,10750,11529.9997329712,11520.0004577637,12409.9998474121,11239.9997711182,11850.0003814697,11439.9995803833,11739.9997711182,12149.9996185303,13000,13949.9998092651,16340.0001525879,17489.9997711182,16569.9996948242,18319.9996948242,19309.9994659424,..,..
Guinea,GIN,CO2 emissions (kt),EN.ATM.CO2E.KT,1490,1570,1629.99999523163,1700.00004768372,1769.99998092651,1830.00004291534,1899.99997615814,1980.00001907349,2009.99999046326,2119.99988555908,2500,2619.99988555908,2480.00001907349,2180.0000667572,2240.00000953674,2539.99996185303,2819.9999332428,3339.99991416931,3750,3950.00004768372,..,..
Guinea-Bissau,GNB,CO2 emissions (kt),EN.ATM.CO2E.KT,150,150,150.000005960464,189.999997615814,200.000002980232,209.999993443489,219.999998807907,230.000004172325,219.999998807907,230.000004172325,239.999994635582,239.999994635582,250,250,270.000010728836,280.000001192093,310.000002384186,310.000002384186,319.999992847443,330.000013113022,..,..
Guyana,GUY,CO2 emissions (kt),EN.ATM.CO2E.KT,1660,1640,1620.00000476837,1620.00000476837,1669.99995708466,1480.00001907349,1330.00004291534,1610.00001430511,1600.00002384186,1629.99999523163,1759.99999046326,1830.00004291534,2000,1980.00001907349,2059.99994277954,2079.99992370605,2480.00001907349,2470.00002861023,2589.99991416931,2849.99990463257,..,..
Haiti,HTI,CO2 emissions (kt),EN.ATM.CO2E.KT,1470,1600,1830.00004291534,1809.99994277954,1669.99995708466,1700.00004768372,1720.00002861023,2049.99995231628,2029.99997138977,1990.00000953674,2460.00003814697,2700.00004768372,2420.00007629395,2650.00009536743,3019.99998092651,3279.99997138977,3359.99989509583,3329.99992370605,3289.99996185303,3319.9999332428,..,..
Honduras,HND,CO2 emissions (kt),EN.ATM.CO2E.KT,4990,5800,6090.00015258789,6730.00001907349,7559.99994277954,6969.99979019165,7969.99979019165,8539.99996185303,8590.00015258789,8069.99969482422,8180.00030517578,8810.0004196167,9239.99977111816,9369.99988555908,9460.00003814697,9930.00030517578,9470.00026702881,9260.00022888184,10050.0001907349,10220.0002670288,..,..
"Hong Kong SAR, China",HKG,CO2 emissions (kt),EN.ATM.CO2E.KT,..,..,..,..,..,..,..,..,..,..,..,..,..,..,..,..,..,..,..,..,..,..
Hungary,HUN,CO2 emissions (kt),EN.ATM.CO2E.KT,54630,56280,55599.9984741211,58189.998626709,56349.9984741211,55919.9981689453,55459.9990844727,53849.9984741211,53009.9983215332,47840.0001525879,47880.0010681152,46909.9998474121,43430.0003051758,40759.9983215332,40630.0010681152,43380.0010681152,44250,46439.998626709,46400.0015258789,46380.0010681152,..,..
Iceland,ISL,CO2 emissions (kt),EN.ATM.CO2E.KT,2230,2160,2240.00000953674,2230.00001907349,2319.9999332428,2289.99996185303,2329.99992370605,2380.00011444092,2180.0000667572,2109.99989509583,1960.00003814697,1889.99998569489,1860.00001430511,2029.99997138977,2049.99995231628,2059.99994277954,1629.99999523163,1669.99995708466,1700.00004768372,1639.99998569489,..,..
India,IND,CO2 emissions (kt),EN.ATM.CO2E.KT,937860,953540,985450.012207031,1011770.01953125,1085670.04394531,1136469.97070313,1215209.9609375,1336739.99023438,1424380.00488281,1564880.00488281,1659979.98046875,1756739.99023438,1909439.94140625,1972430.05371094,2147110.10742188,2158020.01953125,2195250,2320409.91210938,2451929.93164063,2456300.04882813,..,..
Indonesia,IDN,CO2 emissions (kt),EN.ATM.CO2E.KT,280650,302060,305640.014648438,333890.014648438,341239.990234375,342149.993896484,364470.001220703,379959.991455078,376140.014648438,391079.986572266,415519.989013672,475309.997558594,481510.009765625,447940.002441406,483910.003662109,488549.987792969,482510.009765625,517320.007324219,576989.990234375,619840.026855469,..,..
"Iran, Islamic Rep.",IRN,CO2 emissions (kt),EN.ATM.CO2E.KT,340450,354070,369869.995117188,389769.989013672,417660.003662109,450790.008544922,484179.992675781,514140.014648438,523049.987792969,542289.978027344,541169.982910156,552049.987792969,559119.995117188,583700.012207031,605349.975585938,599179.992675781,607210.021972656,626419.982910156,637429.992675781,630010.009765625,..,..
Iraq,IRQ,CO2 emissions (kt),EN.ATM.CO2E.KT,87630,97550,91160.0036621094,81279.9987792969,88110.0006103516,85129.997253418,82959.9990844727,76650.0015258789,88139.9993896484,94199.9969482422,108550.003051758,113040.000915527,129000,139100.006103516,134039.993286133,133169.998168945,142229.995727539,155080.001831055,163149.993896484,174559.997558594,..,..
Ireland,IRL,CO2 emissions (kt),EN.ATM.CO2E.KT,42530,44820,43930.0003051758,44090.0001525879,44689.998626709,46650.0015258789,47259.9983215332,46360.0006103516,45779.9987792969,40560.001373291,40189.998626709,36680.0003051758,37130.0010681152,35709.9990844727,35529.9987792969,37060.001373291,38819.9996948242,37779.9987792969,37659.9998474121,35750,..,..
Isle of Man,IMN,CO2 emissions (kt),EN.ATM.CO2E.KT,..,..,..,..,..,..,..,..,..,..,..,..,..,..,..,..,..,..,..,..,..,..
Israel,ISR,CO2 emissions (kt),EN.ATM.CO2E.KT,57000,57950,61080.0018310547,62930.0003051758,63159.9998474121,61009.9983215332,64330.0018310547,66599.9984741211,66709.9990844727,65730.0033569336,70519.9966430664,69819.9996948242,76059.9975585938,67000,64720.0012207031,66139.9993896484,64980.0033569336,65610.0006103516,61080.0018310547,62650.0015258789,..,..
Italy,ITA,CO2 emissions (kt),EN.ATM.CO2E.KT,436300,436570,443470.001220703,462200.012207031,472399.993896484,473829.986572266,466649.993896484,459369.995117188,444980.010986328,397059.997558594,405269.989013672,396690.002441406,376750,346459.991455078,327500,337859.985351563,333339.996337891,329190.002441406,324880.004882813,317239.990234375,..,..
Jamaica,JAM,CO2 emissions (kt),EN.ATM.CO2E.KT,10060,10080,10250,10590.0001525879,10569.9996948242,10560.0004196167,12060.0004196167,12020.0004577637,9619.99988555908,7880.00011444092,7480.00001907349,7530.00020980835,6960.00003814697,7400.00009536743,7190.00005722046,7090.00015258789,7570.00017166138,7219.99979019165,8609.99965667725,8390.00034332275,..,..
Japan,JPN,CO2 emissions (kt),EN.ATM.CO2E.KT,1182610,1170380,1206599.97558594,1214949.95117188,1209849.97558594,1212819.94628906,1189520.01953125,1225069.94628906,1158219.97070313,1100979.98046875,1156479.98046875,1213520.01953125,1253609.98535156,1262780.02929688,1217119.99511719,1179439.94140625,1167790.0390625,1155229.98046875,1116150.02441406,1081569.94628906,..,..
Jordan,JOR,CO2 emissions (kt),EN.ATM.CO2E.KT,16270,16250,16870.0008392334,17309.9994659424,18579.9999237061,19870.0008392334,20170.0000762939,21090.0001525879,20010.0002288818,20659.9998474121,20200.0007629395,20760.0002288818,24120.0008392334,23799.9992370605,25549.9992370605,25309.9994659424,24819.9996948242,26149.9996185303,24780.0006866455,24629.9991607666,..,..
Kazakhstan,KAZ,CO2 emissions (kt),EN.ATM.CO2E.KT,120150,117440,131059.997558594,146139.999389648,158029.998779297,169210.006713867,185300.003051758,198389.999389648,242029.998779297,213610.000610352,229699.996948242,245449.996948242,244600.006103516,260010.009765625,209229.995727539,190729.995727539,202149.993896484,214580.001831055,216600.006103516,212110.000610352,..,..
Kenya,KEN,CO2 emissions (kt),EN.ATM.CO2E.KT,8320,7610,7420.00007629395,6530.00020980835,7440.00005722046,8319.99969482422,9300.00019073486,9369.99988555908,9909.99984741211,11710.000038147,12640.0003433228,13029.9997329712,12149.9996185303,14100.0003814697,15149.9996185303,17209.9990844727,19110.0006103516,18979.9995422363,17489.9997711182,22280.0006866455,..,..
Kiribati,KIR,CO2 emissions (kt),EN.ATM.CO2E.KT,30,30,39.9999991059303,39.9999991059303,50.0000007450581,70.0000002980232,70.0000002980232,59.9999986588955,59.9999986588955,59.9999986588955,50.0000007450581,50.0000007450581,59.9999986588955,59.9999986588955,59.9999986588955,59.9999986588955,70.0000002980232,90.0000035762787,90.0000035762787,90.0000035762787,..,..
"Korea, Dem. People's Rep.",PRK,CO2 emissions (kt),EN.ATM.CO2E.KT,71820,74390,71199.9969482422,72739.9978637695,74319.9996948242,77589.9963378906,78940.0024414063,65629.997253418,72830.0018310547,55360.0006103516,51619.9989318848,37099.9984741211,38479.9995422363,27629.9991607666,31229.9995422363,25100.0003814697,30000,54290.0009155273,50529.9987792969,56040.0009155273,..,..
"Korea, Rep.",KOR,CO2 emissions (kt),EN.ATM.CO2E.KT,456660,471530,463000,465700.012207031,485910.003662109,481000,487850.006103516,503690.002441406,514919.982910156,526640.014648438,575219.970703125,598479.98046875,600320.007324219,599599.975585938,588090.026855469,607830.017089844,615880.004882813,626630.004882813,630640.014648438,610789.978027344,..,..
Kosovo,XKX,CO2 emissions (kt),EN.ATM.CO2E.KT,..,..,..,..,..,..,..,..,..,..,..,..,..,..,..,..,..,..,..,..,..,..
Kuwait,KWT,CO2 emissions (kt),EN.ATM.CO2E.KT,49840,53190,55590.0001525879,58119.9989318848,61909.9998474121,69910.0036621094,72430.0003051758,70599.9984741211,75839.9963378906,77650.0015258789,80720.0012207031,83290.0009155273,85309.9975585938,87360.0006103516,85569.9996948242,89019.9966430664,91550.0030517578,90730.0033569336,91389.9993896484,92650.0015258789,..,..
Kyrgyz Republic,KGZ,CO2 emissions (kt),EN.ATM.CO2E.KT,4670,3970,4969.99979019165,5590.00015258789,5559.99994277954,5300.00019073486,5320.00017166138,6469.99979019165,7510.00022888184,6760.00022888184,6349.99990463257,7619.99988555908,10060.0004196167,9380.00011444092,9710.00003814697,10270.0004577637,9699.99980926514,9430.00030517578,11250,10050.0001907349,..,..
Lao PDR,LAO,CO2 emissions (kt),EN.ATM.CO2E.KT,900,1000,1110.00001430511,1149.99997615814,1210.00003814697,1259.99999046326,1639.99998569489,1730.00001907349,2049.99995231628,2539.99996185303,2880.00011444092,3039.99996185303,3269.99998092651,4159.99984741211,4340.00015258789,8880.00011444092,15699.9998092651,19049.9992370605,19360.0006103516,18709.9990844727,..,..
Latvia,LVA,CO2 emissions (kt),EN.ATM.CO2E.KT,6930,7360,7349.99990463257,7590.00015258789,7619.99988555908,7710.00003814697,8199.99980926514,8529.99973297119,8109.99965667725,7360.0001335144,8520.00045776367,7900.00009536743,7570.00017166138,7449.99980926514,7280.00020980835,7320.00017166138,7150.00009536743,7119.99988555908,7789.99996185303,7570.00017166138,..,..
Lebanon,LBN,CO2 emissions (kt),EN.ATM.CO2E.KT,15670,16890,16840.0001525879,17409.9998474121,17879.9991607666,17280.0006866455,16229.9995422363,15039.999961853,18649.9996185303,21899.9996185303,20860.0006103516,21180.0003051758,23469.9993133545,23239.9997711182,25149.9996185303,27010.0002288818,27809.9994659424,29319.9996948242,27790.0009155273,27950.0007629395,..,..
Lesotho,LSO,CO2 emissions (kt),EN.ATM.CO2E.KT,390,400,409.999996423721,409.999996423721,430.000007152557,430.000007152557,430.000007152557,439.999997615814,460.00000834465,529.999971389771,550.000011920929,569.999992847443,620.000004768372,610.000014305115,610.000014305115,649.999976158142,689.999997615814,699.999988079071,730.000019073486,769.999980926514,..,..
Liberia,LBR,CO2 emissions (kt),EN.ATM.CO2E.KT,430,450,449.999988079071,479.999989271164,560.000002384186,670.000016689301,689.999997615814,639.999985694885,540.000021457672,540.000021457672,730.000019073486,850.000023841858,949.999988079071,920.000016689301,1220.00002861023,1259.99999046326,1409.9999666214,1279.99997138977,1129.99999523163,1179.99994754791,..,..
Libya,LBY,CO2 emissions (kt),EN.ATM.CO2E.KT,44720,44450,45590.0001525879,48919.9981689453,48459.9990844727,52990.0016784668,52919.9981689453,49389.9993896484,53270.0004577637,56400.0015258789,59549.9992370605,41950.0007629395,57630.0010681152,58610.0006103516,58000,51330.0018310547,50950.0007629395,55159.9998474121,56619.9989318848,56799.9992370605,..,..
Liechtenstein,LIE,CO2 emissions (kt),EN.ATM.CO2E.KT,220,210,219.999998807907,230.000004172325,230.000004172325,230.000004172325,230.000004172325,200.000002980232,219.999998807907,209.999993443489,189.999997615814,180.000007152557,189.999997615814,189.999997615814,159.999996423721,159.999996423721,150.000005960464,159.999996423721,140.000000596046,150.000005960464,..,..
Lithuania,LTU,CO2 emissions (kt),EN.ATM.CO2E.KT,10510,11150,11220.0002670288,11229.9995422363,11909.9998474121,12829.9999237061,13020.0004577637,13210.000038147,13060.0004196167,11689.9995803833,12600.0003814697,11850.0003814697,11930.0003051758,11329.9999237061,10859.9996566772,11069.9996948242,11199.9998092651,11220.0002670288,11649.9996185303,11729.9995422363,..,..
Luxembourg,LUX,CO2 emissions (kt),EN.ATM.CO2E.KT,8560,9120,9819.99969482422,10239.9997711182,11659.9998474121,11909.9998474121,11720.0002670288,11109.9996566772,11020.0004577637,10439.9995803833,11029.9997329712,10899.9996185303,10689.9995803833,10149.9996185303,9649.99961853027,9130.00011444092,8850.00038146973,9000,9319.99969482422,9489.99977111816,..,..
"Macao SAR, China",MAC,CO2 emissions (kt),EN.ATM.CO2E.KT,..,..,..,..,..,..,..,..,..,..,..,..,..,..,..,..,..,..,..,..,..,..
Madagascar,MDG,CO2 emissions (kt),EN.ATM.CO2E.KT,1650,1670,1120.00000476837,1549.99995231628,1649.99997615814,1710.00003814697,1639.99998569489,1720.00002861023,1779.99997138977,1690.00005722046,1870.00000476837,2190.00005722046,2740.00000953674,2930.0000667572,3009.99999046326,3279.99997138977,3180.0000667572,3470.00002861023,3349.99990463257,4119.99988555908,..,..
Malawi,MWI,CO2 emissions (kt),EN.ATM.CO2E.KT,710,680,680.000007152557,750,769.999980926514,759.999990463257,779.999971389771,829.999983310699,959.999978542328,980.000019073486,889.999985694885,930.000007152557,949.999988079071,980.000019073486,850.000023841858,930.000007152557,1120.00000476837,1190.00005722046,1379.99999523163,1450.00004768372,..,..
Malaysia,MYS,CO2 emissions (kt),EN.ATM.CO2E.KT,124360,129460,136380.004882813,144490.005493164,158270.004272461,167419.998168945,174100.006103516,189940.002441406,202910.003662109,181929.992675781,200220.001220703,202740.005493164,205809.997558594,223660.003662109,236649.993896484,236539.993286133,235960.006713867,227619.995117188,244410.003662109,253270.004272461,..,..
Maldives,MDV,CO2 emissions (kt),EN.ATM.CO2E.KT,460,480,620.000004768372,529.999971389771,750,720.000028610229,870.000004768372,870.000004768372,870.000004768372,910.000026226044,959.999978542328,1009.99999046326,1139.99998569489,1129.99999523163,1370.00000476837,1370.00000476837,1759.99999046326,1860.00001430511,2099.99990463257,2109.99989509583,..,..
Mali,MLI,CO2 emissions (kt),EN.ATM.CO2E.KT,1410,1610,1399.99997615814,1399.99997615814,1480.00001907349,1649.99997615814,1889.99998569489,2069.9999332428,2079.99992370605,2509.99999046326,2779.99997138977,3119.99988555908,3109.99989509583,3220.00002861023,3380.00011444092,3650.00009536743,4670.00007629395,5179.99982833862,5469.99979019165,5829.99992370605,..,..
Malta,MLT,CO2 emissions (kt),EN.ATM.CO2E.KT,2130,2490,2319.9999332428,2609.99989509583,2599.99990463257,2630.00011444092,2650.00009536743,2720.00002861023,2720.00002861023,2509.99999046326,2589.99991416931,2569.9999332428,2720.00002861023,2369.99988555908,2359.99989509583,1659.9999666214,1350.00002384186,1519.99998092651,1549.99995231628,1659.9999666214,..,..
Marshall Islands,MHL,CO2 emissions (kt),EN.ATM.CO2E.KT,100,110,119.999997317791,109.999999403954,129.999995231628,140.000000596046,140.000000596046,140.000000596046,129.999995231628,140.000000596046,140.000000596046,140.000000596046,140.000000596046,140.000000596046,150.000005960464,150.000005960464,180.000007152557,180.000007152557,180.000007152557,180.000007152557,..,..
Mauritania,MRT,CO2 emissions (kt),EN.ATM.CO2E.KT,1270,1400,1549.99995231628,1480.00001907349,1639.99998569489,1509.99999046326,1730.00001907349,1990.00000953674,1899.99997615814,2349.99990463257,2400.00009536743,2460.00003814697,2730.00001907349,2589.99991416931,2900.00009536743,3559.99994277954,3259.99999046326,3490.00000953674,3690.00005722046,3950.00004768372,..,..
Mauritius,MUS,CO2 emissions (kt),EN.ATM.CO2E.KT,2430,2570,2609.99989509583,2750,2769.99998092651,2960.00003814697,3299.99995231628,3400.00009536743,3470.00002861023,3420.00007629395,3660.00008583069,3640.00010490417,3730.00001907349,3819.9999332428,3950.00004768372,3960.00003814697,4039.99996185303,4170.00007629395,4130.00011444092,4170.00007629395,..,..
Mexico,MEX,CO2 emissions (kt),EN.ATM.CO2E.KT,379180,378830,386000,404690.002441406,414100.006103516,432190.002441406,448299.987792969,457119.995117188,459549.987792969,448369.995117188,462869.995117188,478399.993896484,486450.012207031,475739.990234375,462239.990234375,471630.004882813,473309.997558594,471579.986572266,452570.007324219,449269.989013672,..,..
"Micronesia, Fed. Sts.",FSM,CO2 emissions (kt),EN.ATM.CO2E.KT,130,150,140.000000596046,159.999996423721,159.999996423721,159.999996423721,140.000000596046,140.000000596046,119.999997317791,129.999995231628,109.999999403954,119.999997317791,129.999995231628,140.000000596046,140.000000596046,150.000005960464,170.000001788139,180.000007152557,170.000001788139,180.000007152557,..,..
Moldova,MDA,CO2 emissions (kt),EN.ATM.CO2E.KT,6710,7020,7179.99982833862,7769.99998092651,7780.00020980835,8180.00030517578,7980.00001907349,8140.00034332275,8149.99961853027,7639.9998664856,8300.00019073486,8340.00015258789,8140.00034332275,7179.99982833862,7710.00003814697,8020.00045776367,8140.00034332275,8060.0004196167,8539.99996185303,8859.99965667725,..,..
Monaco,MCO,CO2 emissions (kt),EN.ATM.CO2E.KT,..,..,..,..,..,..,..,..,..,..,..,..,..,..,..,..,..,..,..,..,..,..
Mongolia,MNG,CO2 emissions (kt),EN.ATM.CO2E.KT,9000,8970,9600.00038146973,9310.0004196167,9560.0004196167,11060.0004196167,12420.0000762939,13020.0004577637,12970.0002670288,13640.0003433228,14310.0004196167,15729.9995422363,17139.9993896484,18379.9991607666,18120.0008392334,17299.9992370605,18170.0000762939,19579.9999237061,21549.9992370605,23069.9996948242,..,..
Montenegro,MNE,CO2 emissions (kt),EN.ATM.CO2E.KT,1520,1670,1769.99998092651,1889.99998569489,2039.99996185303,2000,2180.0000667572,2099.99990463257,2690.00005722046,1750,2579.99992370605,2539.99996185303,2329.99992370605,2269.99998092651,2220.00002861023,2359.99989509583,2150.00009536743,2269.99998092651,2500,2599.99990463257,..,..
Morocco,MAR,CO2 emissions (kt),EN.ATM.CO2E.KT,32880,36270,37470.0012207031,37250,40990.0016784668,43580.0018310547,45000,46349.9984741211,48630.0010681152,48750,51759.9983215332,55939.998626709,58080.0018310547,57590.0001525879,58689.998626709,60409.9998474121,60319.9996948242,63520.0004577637,64959.9990844727,71480.0033569336,..,..
Mozambique,MOZ,CO2 emissions (kt),EN.ATM.CO2E.KT,1430,1410,1570.00005245209,1899.99997615814,1909.9999666214,1710.00003814697,1860.00001430511,2230.00001907349,2240.00000953674,2490.00000953674,2680.0000667572,3349.99990463257,3680.0000667572,4199.99980926514,4860.0001335144,5519.99998092651,7280.00020980835,7210.00003814697,6949.99980926514,7500,..,..
Myanmar,MMR,CO2 emissions (kt),EN.ATM.CO2E.KT,9440,8350,8300.00019073486,10489.9997711182,10149.9996185303,10720.0002670288,9970.00026702881,10390.0003433228,7900.00009536743,7489.99977111816,8130.00011444092,8689.9995803833,11960.000038147,13600.0003814697,17040.0009155273,19040.0009155273,21860.0006103516,32500,32939.998626709,36720.0012207031,..,..
Namibia,NAM,CO2 emissions (kt),EN.ATM.CO2E.KT,1940,2460,2130.00011444092,2269.99998092651,2380.00011444092,2529.99997138977,2529.99997138977,2619.99988555908,2950.00004768372,3019.99998092651,3130.00011444092,3329.99992370605,3529.99997138977,3789.99996185303,3950.00004768372,4199.99980926514,4130.00011444092,4269.99998092651,4230.00001907349,4219.99979019165,..,..
Nauru,NRU,CO2 emissions (kt),EN.ATM.CO2E.KT,90,80,79.9999982118607,70.0000002980232,70.0000002980232,70.0000002980232,50.0000007450581,39.9999991059303,39.9999991059303,39.9999991059303,39.9999991059303,39.9999991059303,39.9999991059303,50.0000007450581,50.0000007450581,59.9999986588955,59.9999986588955,70.0000002980232,59.9999986588955,59.9999986588955,..,..
Nepal,NPL,CO2 emissions (kt),EN.ATM.CO2E.KT,3220,3460,2789.99996185303,3019.99998092651,2809.99994277954,3190.00005722046,2619.99988555908,2690.00005722046,2990.00000953674,3880.00011444092,4639.9998664856,5199.99980926514,6000,6090.00015258789,7130.00011444092,7190.00005722046,10409.9998474121,12479.9995422363,15189.9995803833,13449.9998092651,..,..
Netherlands,NLD,CO2 emissions (kt),EN.ATM.CO2E.KT,162100,167120,167429.992675781,170360.000610352,172119.995117188,167929.992675781,163699.996948242,164550.003051758,165220.001220703,160490.005493164,171110.000610352,158770.004272461,157470.001220703,157089.996337891,149789.993286133,157410.003662109,158539.993286133,155759.994506836,151360.000610352,146339.996337891,..,..
New Caledonia,NCL,CO2 emissions (kt),EN.ATM.CO2E.KT,..,..,..,..,..,..,..,..,..,..,..,..,..,..,..,..,..,..,..,..,..,..
New Zealand,NZL,CO2 emissions (kt),EN.ATM.CO2E.KT,29450,31620,31540.0009155273,33400.0015258789,32840.0001525879,34229.9995422363,34270.0004577637,33270.0004577637,34169.9981689453,31170.0000762939,31049.9992370605,30290.0009155273,32110.0006103516,31889.9993896484,31969.9993133545,32279.9987792969,31190.0005340576,32930.0003051758,32360.0006103516,34009.9983215332,..,..
Nicaragua,NIC,CO2 emissions (kt),EN.ATM.CO2E.KT,3770,3930,4059.99994277954,4559.99994277954,4530.00020980835,4340.00015258789,4550.00019073486,4699.99980926514,4500,4389.9998664856,4510.00022888184,4769.99998092651,4690.00005722046,4469.99979019165,4760.00022888184,5269.99998092651,5380.00011444092,5480.00001907349,5110.0001335144,5239.99977111816,..,..
Niger,NER,CO2 emissions (kt),EN.ATM.CO2E.KT,670,670,699.999988079071,759.999990463257,790.000021457672,759.999990463257,750,819.999992847443,860.000014305115,1080.00004291534,1370.00000476837,1409.9999666214,1889.99998569489,1970.00002861023,2150.00009536743,2109.99989509583,2109.99989509583,1909.9999666214,1950.00004768372,2150.00009536743,..,..
Nigeria,NGA,CO2 emissions (kt),EN.ATM.CO2E.KT,97220,101950,92239.9978637695,101000,98730.0033569336,98720.0012207031,88769.9966430664,81120.002746582,86930.0003051758,76949.9969482422,90059.9975585938,95000,95339.9963378906,108129.997253418,114830.001831055,107760.00213623,110830.001831055,108500,109889.999389648,115279.998779297,..,..
North Macedonia,MKD,CO2 emissions (kt),EN.ATM.CO2E.KT,8760,8920,8369.99988555908,9140.00034332275,8840.00015258789,9229.99954223633,9220.00026702881,9699.99980926514,9479.99954223633,8869.99988555908,8640.00034332275,9520.00045776367,9050.00019073486,8140.00034332275,7699.99980926514,7409.99984741211,7300.00019073486,7789.99996185303,7300.00019073486,8300.00019073486,..,..
Northern Mariana Islands,MNP,CO2 emissions (kt),EN.ATM.CO2E.KT,..,..,..,..,..,..,..,..,..,..,..,..,..,..,..,..,..,..,..,..,..,..
Norway,NOR,CO2 emissions (kt),EN.ATM.CO2E.KT,34290,34720,34369.9989318848,37169.9981689453,37340.0001525879,36349.9984741211,37200.0007629395,37750,36869.9989318848,37430.0003051758,41409.9998474121,39599.9984741211,38490.0016784668,39500,39110.0006103516,39490.0016784668,38759.9983215332,37720.0012207031,37590.0001525879,35950.0007629395,..,..
Oman,OMN,CO2 emissions (kt),EN.ATM.CO2E.KT,25110,28030,29969.9993133545,31700.0007629395,31260.0002288818,31010.0002288818,39189.998626709,42259.9983215332,41310.001373291,43590.0001525879,47080.0018310547,53619.9989318848,60549.9992370605,63009.9983215332,66389.9993896484,70129.997253418,72129.997253418,71930.0003051758,75599.9984741211,76029.9987792969,..,..
Pakistan,PAK,CO2 emissions (kt),EN.ATM.CO2E.KT,98370,99840,102330.001831055,105660.003662109,118650.001525879,121669.998168945,132479.995727539,146259.994506836,142160.003662109,145139.999389648,140619.995117188,141699.996948242,143809.997558594,146059.997558594,154240.005493164,164130.004882813,181110.000610352,198830.001831055,187309.997558594,190570.007324219,..,..
Palau,PLW,CO2 emissions (kt),EN.ATM.CO2E.KT,210,220,219.999998807907,219.999998807907,230.000004172325,259.999990463257,250,239.999994635582,209.999993443489,200.000002980232,209.999993443489,209.999993443489,219.999998807907,219.999998807907,219.999998807907,209.999993443489,250,259.999990463257,250,250,..,..
Panama,PAN,CO2 emissions (kt),EN.ATM.CO2E.KT,5280,6220,5409.99984741211,5530.00020980835,5610.0001335144,7119.99988555908,7489.99977111816,7480.00001907349,7300.00019073486,8699.99980926514,9189.9995803833,9989.99977111816,10460.000038147,10250,10760.0002288818,10699.9998092651,10770.0004577637,10130.0001144409,10060.0004196167,13340.0001525879,..,..
Papua New Guinea,PNG,CO2 emissions (kt),EN.ATM.CO2E.KT,2830,3390,3609.99989509583,4079.99992370605,4949.99980926514,4929.99982833862,4780.00020980835,5050.00019073486,4760.00022888184,5030.00020980835,5019.99998092651,5159.99984741211,4889.9998664856,5239.99977111816,5889.9998664856,6510.00022888184,7659.99984741211,7610.0001335144,7559.99994277954,7579.99992370605,..,..
Paraguay,PRY,CO2 emissions (kt),EN.ATM.CO2E.KT,3520,3610,3779.99997138977,3940.00005722046,3970.00002861023,3700.00004768372,3950.00004768372,3720.00002861023,4320.00017166138,4570.00017166138,5039.99996185303,5219.99979019165,5179.99982833862,5300.00019073486,5630.00011444092,6369.99988555908,7179.99982833862,8060.0004196167,8470.00026702881,8210.00003814697,..,..
Peru,PER,CO2 emissions (kt),EN.ATM.CO2E.KT,28630,26540,27729.9995422363,27159.9998474121,31239.9997711182,31290.0009155273,30840.0001525879,33810.001373291,38290.0009155273,41169.9981689453,45000,48430.0003051758,48119.9989318848,49750,53169.9981689453,54549.9992370605,56860.0006103516,54270.0004577637,54590.0001525879,56750,..,..
Philippines,PHL,CO2 emissions (kt),EN.ATM.CO2E.KT,72100,70480,71569.9996948242,73629.997253418,75139.9993896484,76669.9981689453,69470.0012207031,73220.0012207031,75150.0015258789,76300.0030517578,81930.0003051758,82629.997253418,86180.0003051758,95500,101819.999694824,111010.00213623,121959.999084473,133500,138570.007324219,145419.998168945,..,..
Poland,POL,CO2 emissions (kt),EN.ATM.CO2E.KT,295770,293630,287320.007324219,297730.010986328,301850.006103516,301350.006103516,314089.996337891,313380.004882813,308329.986572266,297260.009765625,313739.990234375,310589.996337891,303350.006103516,298299.987792969,285730.010986328,289079.986572266,299799.987792969,312859.985351563,311910.003662109,295130.004882813,..,..
Portugal,PRT,CO2 emissions (kt),EN.ATM.CO2E.KT,61660,61380,65599.9984741211,60520.0004577637,62130.0010681152,65470.0012207031,60450.0007629395,58799.9992370605,56840.0001525879,56299.9992370605,50939.998626709,49869.9989318848,48220.0012207031,46560.001373291,45930.0003051758,49849.9984741211,48759.9983215332,53330.0018310547,49500,44639.9993896484,..,..
Puerto Rico,PRI,CO2 emissions (kt),EN.ATM.CO2E.KT,..,..,..,..,..,..,..,..,..,..,..,..,..,..,..,..,..,..,..,..,..,..
Qatar,QAT,CO2 emissions (kt),EN.ATM.CO2E.KT,28660,28650,32500,34740.0016784668,37069.9996948242,38540.0009155273,43770.0004577637,49830.0018310547,53040.0009155273,54069.9996948242,60580.0018310547,68190.0024414063,75080.0018310547,76169.9981689453,81660.0036621094,84779.9987792969,86919.9981689453,87540.0009155273,86419.9981689453,91970.0012207031,..,..
Romania,ROU,CO2 emissions (kt),EN.ATM.CO2E.KT,89020,95230,93739.9978637695,98139.9993896484,95349.9984741211,94709.9990844727,99260.0021362305,96730.0033569336,95419.9981689453,80709.9990844727,77620.002746582,84059.9975585938,81849.9984741211,72089.9963378906,71540.0009155273,73319.9996948242,71589.9963378906,74209.9990844727,75190.0024414063,73949.9969482422,..,..
Russian Federation,RUS,CO2 emissions (kt),EN.ATM.CO2E.KT,1563850,1567170,1565339.96582031,1610000,1600979.98046875,1611979.98046875,1654849.97558594,1658150.02441406,1655189.94140625,1546670.04394531,1617829.95605469,1699089.96582031,1675760.00976563,1632680.05371094,1611959.9609375,1592560.05859375,1571520.01953125,1594550.04882813,1661000,1703589.96582031,..,..
Rwanda,RWA,CO2 emissions (kt),EN.ATM.CO2E.KT,540,560,560.000002384186,550.000011920929,560.000002384186,550.000011920929,550.000011920929,579.999983310699,560.000002384186,589.999973773956,600.000023841858,680.000007152557,750,810.000002384186,860.000014305115,980.000019073486,1159.9999666214,1190.00005722046,1289.99996185303,1330.00004291534,..,..
Samoa,WSM,CO2 emissions (kt),EN.ATM.CO2E.KT,150,160,170.000001788139,170.000001788139,189.999997615814,209.999993443489,200.000002980232,200.000002980232,170.000001788139,180.000007152557,189.999997615814,200.000002980232,200.000002980232,200.000002980232,209.999993443489,239.999994635582,300.000011920929,310.000002384186,289.99999165535,300.000011920929,..,..
San Marino,SMR,CO2 emissions (kt),EN.ATM.CO2E.KT,..,..,..,..,..,..,..,..,..,..,..,..,..,..,..,..,..,..,..,..,..,..
Sao Tome and Principe,STP,CO2 emissions (kt),EN.ATM.CO2E.KT,50,50,59.9999986588955,70.0000002980232,70.0000002980232,79.9999982118607,79.9999982118607,79.9999982118607,90.0000035762787,90.0000035762787,100.000001490116,100.000001490116,119.999997317791,119.999997317791,119.999997317791,119.999997317791,129.999995231628,140.000000596046,140.000000596046,150.000005960464,..,..
Saudi Arabia,SAU,CO2 emissions (kt),EN.ATM.CO2E.KT,249660,254090,272250,284829.986572266,299890.014648438,315290.008544922,335440.002441406,354619.995117188,389720.001220703,406529.998779297,446130.004882813,463769.989013672,492470.001220703,503209.991455078,540520.01953125,565190.002441406,561229.98046875,545070.007324219,521260.009765625,523780.029296875,..,..
Senegal,SEN,CO2 emissions (kt),EN.ATM.CO2E.KT,4060,4460,4579.99992370605,4489.99977111816,5389.9998664856,5670.00007629395,5570.00017166138,6199.99980926514,6440.00005722046,6670.00007629395,7030.00020980835,7570.00017166138,7449.99980926514,8010.00022888184,8569.99969482422,9289.99996185303,10130.0001144409,9800.00019073486,10180.0003051758,10619.9998855591,..,..
Serbia,SRB,CO2 emissions (kt),EN.ATM.CO2E.KT,43990,45000,48580.0018310547,52150.0015258789,56349.9984741211,50689.998626709,53009.9983215332,51459.9990844727,49830.0018310547,46869.9989318848,47099.9984741211,51229.9995422363,45790.0009155273,46470.0012207031,38959.9990844727,45389.9993896484,46619.9989318848,47340.0001525879,46130.0010681152,45950.0007629395,..,..
Seychelles,SYC,CO2 emissions (kt),EN.ATM.CO2E.KT,290,320,349.999994039536,340.000003576279,379.999995231628,379.999995231628,389.999985694885,400.000005960464,419.999986886978,449.999988079071,439.999997615814,409.999996423721,430.000007152557,419.999986886978,469.999998807907,509.999990463257,579.999983310699,579.999983310699,579.999983310699,610.000014305115,..,..
Sierra Leone,SLE,CO2 emissions (kt),EN.ATM.CO2E.KT,330,440,500,550.000011920929,529.999971389771,449.999988079071,589.999973773956,500,519.999980926514,519.999980926514,560.000002384186,740.000009536743,860.000014305115,1039.99996185303,1149.99997615814,910.000026226044,930.000007152557,939.999997615814,860.000014305115,899.999976158142,..,..
Singapore,SGP,CO2 emissions (kt),EN.ATM.CO2E.KT,42120,42030,41290.0009155273,38159.9998474121,39619.9989318848,36900.0015258789,37169.9981689453,38290.0009155273,38419.9981689453,38830.0018310547,42409.9998474121,44770.0004577637,43689.998626709,43909.9998474121,44400.0015258789,45430.0003051758,46099.9984741211,49139.9993896484,47400.0015258789,47380.0010681152,..,..
Sint Maarten (Dutch part),SXM,CO2 emissions (kt),EN.ATM.CO2E.KT,..,..,..,..,..,..,..,..,..,..,..,..,..,..,..,..,..,..,..,..,..,..
Slovak Republic,SVK,CO2 emissions (kt),EN.ATM.CO2E.KT,38070,38580,38069.9996948242,38330.0018310547,37430.0003051758,38520.0004577637,37869.9989318848,37189.998626709,37099.9984741211,33909.9998474121,35430.0003051758,34119.9989318848,32349.9984741211,32919.9981689453,30440.0005340576,30750,31500,33580.0018310547,33000,31079.9999237061,..,..
Slovenia,SVN,CO2 emissions (kt),EN.ATM.CO2E.KT,14540,15380,15520.0004577637,15409.9998474121,15699.9998092651,15920.0000762939,16290.0009155273,16280.0006866455,17360.0006103516,15510.0002288818,15779.9997329712,15699.9998092651,15119.9998855591,14550.0001907349,13109.9996566772,13140.0003433228,13899.9996185303,14119.9998855591,14069.9996948242,13600.0003814697,..,..
Solomon Islands,SLB,CO2 emissions (kt),EN.ATM.CO2E.KT,240,250,259.999990463257,270.000010728836,310.000002384186,340.000003576279,340.000003576279,340.000003576279,319.999992847443,330.000013113022,340.000003576279,349.999994039536,349.999994039536,389.999985694885,340.000003576279,310.000002384186,360.000014305115,349.999994039536,360.000014305115,360.000014305115,..,..
Somalia,SOM,CO2 emissions (kt),EN.ATM.CO2E.KT,490,510,569.999992847443,579.999983310699,579.999983310699,579.999983310699,579.999983310699,620.000004768372,620.000004768372,610.000014305115,629.999995231628,629.999995231628,629.999995231628,649.999976158142,649.999976158142,649.999976158142,660.000026226044,660.000026226044,660.000026226044,689.999997615814,..,..
South Africa,ZAF,CO2 emissions (kt),EN.ATM.CO2E.KT,284660,320540,331320.007324219,353089.996337891,379989.990234375,377649.993896484,379790.008544922,397059.997558594,426739.990234375,404200.012207031,425309.997558594,409260.009765625,426779.998779297,436920.013427734,447929.992675781,424809.997558594,425140.014648438,435649.993896484,434350.006103516,439640.014648438,..,..
South Sudan,SSD,CO2 emissions (kt),EN.ATM.CO2E.KT,460,530,670.000016689301,750,949.999988079071,910.000026226044,1000,1169.99995708466,1240.00000953674,1289.99996185303,1309.99994277954,1279.99997138977,1419.99995708466,1450.00004768372,1529.99997138977,1970.00002861023,1730.00001907349,1519.99998092651,1549.99995231628,1700.00004768372,..,..
Spain,ESP,CO2 emissions (kt),EN.ATM.CO2E.KT,293310,294790,312750,318660.003662109,335559.997558594,350500,341779.998779297,354679.992675781,324269.989013672,287489.990234375,273250,274399.993896484,269269.989013672,242809.997558594,240960.006713867,256279.998779297,247029.998779297,263450.012207031,257040.008544922,239979.995727539,..,..
Sri Lanka,LKA,CO2 emissions (kt),EN.ATM.CO2E.KT,10930,10850,11390.0003433228,12409.9998474121,12869.9998855591,13979.9995422363,12399.9996185303,13590.0001525879,12810.0004196167,12289.999961853,13069.9996948242,15420.0000762939,16850.0003814697,14479.9995422363,17600.0003814697,20360.0006103516,21930.0003051758,23360.0006103516,21690.0005340576,23780.0006866455,..,..
St. Kitts and Nevis,KNA,CO2 emissions (kt),EN.ATM.CO2E.KT,190,210,230.000004172325,230.000004172325,239.999994635582,219.999998807907,230.000004172325,250,250,699.999988079071,239.999994635582,280.000001192093,340.000003576279,230.000004172325,230.000004172325,239.999994635582,239.999994635582,239.999994635582,250,250,..,..
St. Lucia,LCA,CO2 emissions (kt),EN.ATM.CO2E.KT,390,420,430.000007152557,449.999988079071,449.999988079071,439.999997615814,479.999989271164,479.999989271164,490.000009536743,1370.00000476837,529.999971389771,589.999973773956,750,509.999990463257,509.999990463257,500,509.999990463257,529.999971389771,529.999971389771,540.000021457672,..,..
St. Martin (French part),MAF,CO2 emissions (kt),EN.ATM.CO2E.KT,..,..,..,..,..,..,..,..,..,..,..,..,..,..,..,..,..,..,..,..,..,..
St. Vincent and the Grenadines,VCT,CO2 emissions (kt),EN.ATM.CO2E.KT,160,200,230.000004172325,230.000004172325,250,250,250,270.000010728836,250,889.999985694885,250,270.000010728836,360.000014305115,230.000004172325,270.000010728836,250,259.999990463257,230.000004172325,250,259.999990463257,..,..
Sudan,SDN,CO2 emissions (kt),EN.ATM.CO2E.KT,5690,6250,7710.00003814697,7929.99982833862,8829.99992370605,10500,12899.9996185303,13960.000038147,14949.9998092651,15479.9995422363,16420.0000762939,15920.0000762939,15800.0001907349,15220.0002670288,16120.0008392334,18709.9990844727,21129.9991607666,20959.9990844727,20860.0006103516,20620.0008392334,..,..
Suriname,SUR,CO2 emissions (kt),EN.ATM.CO2E.KT,1480,1520,1120.00000476837,1230.00001907349,1389.99998569489,1690.00005722046,1529.99997138977,1409.9999666214,1460.00003814697,1450.00004768372,1740.00000953674,1950.00004768372,2440.00005722046,2289.99996185303,2619.99988555908,2720.00002861023,2950.00004768372,2500,2210.00003814697,2650.00009536743,..,..
Sweden,SWE,CO2 emissions (kt),EN.ATM.CO2E.KT,53280,52500,54020.0004577637,55200.0007629395,53590.0001525879,50209.9990844727,48900.0015258789,47139.9993896484,46150.0015258789,42880.0010681152,48130.0010681152,44580.0018310547,42139.9993896484,40540.0009155273,39080.0018310547,39189.998626709,38779.9987792969,38290.0009155273,36009.9983215332,35000,..,..
Switzerland,CHE,CO2 emissions (kt),EN.ATM.CO2E.KT,43710,45150,43569.9996948242,44840.0001525879,45279.9987792969,45849.9984741211,45479.9995422363,43540.0009155273,44959.9990844727,43669.9981689453,45209.9990844727,41189.998626709,42520.0004577637,43529.9987792969,39790.0009155273,39090.0001525879,39669.9981689453,38700.0007629395,37479.9995422363,37380.0010681152,..,..
Syrian Arab Republic,SYR,CO2 emissions (kt),EN.ATM.CO2E.KT,44400,44730,44270.0004577637,44380.0010681152,46360.0006103516,57220.0012207031,60209.9990844727,63599.9984741211,65279.9987792969,60700.0007629395,61090.0001525879,56919.9981689453,47029.9987792969,30700.0007629395,26610.0006103516,25270.0004577637,26340.0001525879,29340.0001525879,27389.9993896484,25709.9990844727,..,..
Tajikistan,TJK,CO2 emissions (kt),EN.ATM.CO2E.KT,2200,2150,2130.00011444092,2180.0000667572,2599.99990463257,2470.00002861023,2690.00005722046,3269.99998092651,3039.99996185303,2410.00008583069,2450.00004768372,2559.99994277954,3019.99998092651,3200.00004768372,4579.99992370605,4900.00009536743,6090.00015258789,7369.99988555908,8680.00030517578,9420.00007629395,..,..
Tanzania,TZA,CO2 emissions (kt),EN.ATM.CO2E.KT,2950,3130,3569.9999332428,3759.99999046326,5079.99992370605,5659.99984741211,6050.00019073486,5909.99984741211,6079.99992370605,5929.99982833862,6909.99984741211,8189.9995803833,9869.99988555908,10810.0004196167,10710.000038147,11689.9995803833,11199.9998092651,11829.9999237061,12000,12449.9998092651,..,..
Thailand,THA,CO2 emissions (kt),EN.ATM.CO2E.KT,164490,173160,184240.005493164,191929.992675781,210190.002441406,217770.004272461,219880.004882813,224589.996337891,227580.001831055,220259.994506836,234380.004882813,233600.006103516,250679.992675781,260700.012207031,256799.987792969,264000,261600.006103516,258820.007324219,257049.987792969,267089.996337891,..,..
Timor-Leste,TLS,CO2 emissions (kt),EN.ATM.CO2E.KT,..,..,170.000001788139,170.000001788139,200.000002980232,209.999993443489,200.000002980232,200.000002980232,209.999993443489,230.000004172325,239.999994635582,250,300.000011920929,460.00000834465,529.999971389771,519.999980926514,600.000023841858,610.000014305115,610.000014305115,620.000004768372,..,..
Togo,TGO,CO2 emissions (kt),EN.ATM.CO2E.KT,1270,1180,1340.0000333786,1830.00004291534,1779.99997138977,1750,1570.00005245209,1500,1570.00005245209,2819.9999332428,2630.00011444092,2519.99998092651,2240.00000953674,1750,1590.0000333786,1830.00004291534,2299.99995231628,2069.9999332428,2309.99994277954,2369.99988555908,..,..
Tonga,TON,CO2 emissions (kt),EN.ATM.CO2E.KT,100,90,100.000001490116,119.999997317791,129.999995231628,129.999995231628,150.000005960464,129.999995231628,129.999995231628,140.000000596046,119.999997317791,109.999999403954,109.999999403954,119.999997317791,109.999999403954,119.999997317791,150.000005960464,180.000007152557,159.999996423721,159.999996423721,..,..
Trinidad and Tobago,TTO,CO2 emissions (kt),EN.ATM.CO2E.KT,10200,11620,12680.0003051758,15449.9998092651,16100.0003814697,17590.0001525879,20059.9994659424,20500,20020.0004577637,19040.0009155273,21459.9990844727,22260.0002288818,21520.0004577637,22209.9990844727,22040.0009155273,21329.9999237061,18309.9994659424,18250,17780.0006866455,17190.0005340576,..,..
Tunisia,TUN,CO2 emissions (kt),EN.ATM.CO2E.KT,20700,21570,21709.9990844727,21500,22479.9995422363,22969.9993133545,23899.9996185303,24750,25250,25290.0009155273,27520.0004577637,26340.0001525879,27790.0009155273,27850.0003814697,29950.0007629395,30479.9995422363,29610.0006103516,29959.9990844727,29889.9993896484,29909.9998474121,..,..
Turkiye,TUR,CO2 emissions (kt),EN.ATM.CO2E.KT,216400,197770,208110.000610352,219160.003662109,224600.006103516,235000,261079.986572266,288970.001220703,287190.002441406,287829.986572266,297109.985351563,317720.001220703,328880.004882813,318170.013427734,340640.014648438,351589.996337891,374589.996337891,415899.993896484,411730.010986328,396839.996337891,..,..
Turkmenistan,TKM,CO2 emissions (kt),EN.ATM.CO2E.KT,38510,39120,41409.9998474121,46349.9984741211,49369.9989318848,50590.0001525879,51919.9981689453,58479.9995422363,59279.9987792969,52389.9993896484,59180.0003051758,65449.9969482422,69010.0021362305,70220.0012207031,71400.0015258789,73400.0015258789,73339.9963378906,73120.002746582,73050.0030517578,72870.002746582,..,..
Turks and Caicos Islands,TCA,CO2 emissions (kt),EN.ATM.CO2E.KT,..,..,..,..,..,..,..,..,..,..,..,..,..,..,..,..,..,..,..,..,..,..
Tuvalu,TUV,CO2 emissions (kt),EN.ATM.CO2E.KT,10,10,9.99999977648258,9.99999977648258,9.99999977648258,9.99999977648258,9.99999977648258,9.99999977648258,9.99999977648258,9.99999977648258,9.99999977648258,9.99999977648258,9.99999977648258,9.99999977648258,9.99999977648258,9.99999977648258,9.99999977648258,9.99999977648258,9.99999977648258,9.99999977648258,..,..
Uganda,UGA,CO2 emissions (kt),EN.ATM.CO2E.KT,1300,1300,1490.00000953674,1570.00005245209,1629.99999523163,2019.99998092651,2400.00009536743,2869.99988555908,2970.00002861023,3359.99989509583,3329.99992370605,3740.00000953674,3779.99997138977,3690.00005722046,4110.0001335144,4719.99979019165,4949.99980926514,5170.00007629395,5860.0001335144,5860.0001335144,..,..
Ukraine,UKR,CO2 emissions (kt),EN.ATM.CO2E.KT,297380,300550,303940.002441406,330230.010986328,307140.014648438,295410.003662109,303989.990234375,312140.014648438,301200.012207031,251619.995117188,268920.013427734,283339.996337891,277109.985351563,270269.989013672,237729.995727539,191070.007324219,201660.003662109,174940.002441406,185619.995117188,174729.995727539,..,..
United Arab Emirates,ARE,CO2 emissions (kt),EN.ATM.CO2E.KT,84730,97200,99150.0015258789,103819.999694824,110010.00213623,116459.999084473,121559.997558594,131830.001831055,156050.003051758,157020.004272461,162789.993286133,165600.006103516,175589.996337891,184470.001220703,184759.994506836,195240.005493164,201080.001831055,197039.993286133,177119.995117188,188860.000610352,..,..
United Kingdom,GBR,CO2 emissions (kt),EN.ATM.CO2E.KT,530890,545260,530789.978027344,543039.978027344,543080.017089844,540919.982910156,542059.997558594,530500,515340.026855469,466489.990234375,482440.002441406,445589.996337891,467779.998779297,453760.009765625,415600.006103516,401079.986572266,380809.997558594,367000,360730.010986328,348920.013427734,..,..
United States,USA,CO2 emissions (kt),EN.ATM.CO2E.KT,5775810,5748260,5593029.78515625,5658990.234375,5738290.0390625,5753490.234375,5653080.078125,5736319.82421875,5558379.8828125,5156430.17578125,5392109.86328125,5173600.09765625,4956060.05859375,5092100.09765625,5107209.9609375,4990709.9609375,4894500,4819370.1171875,4975310.05859375,4817720.21484375,..,..
Uruguay,URY,CO2 emissions (kt),EN.ATM.CO2E.KT,5460,4950,4530.00020980835,4489.99977111816,5460.00003814697,5420.00007629395,6329.99992370605,5849.99990463257,7750,7670.00007629395,6280.00020980835,7610.0001335144,8520.00045776367,7360.0001335144,6500,6639.9998664856,6519.99998092651,6099.99990463257,6539.99996185303,6489.99977111816,..,..
Uzbekistan,UZB,CO2 emissions (kt),EN.ATM.CO2E.KT,123810,125700,129889.999389648,121910.003662109,124839.996337891,119190.002441406,127360.000610352,122580.001831055,128880.004882813,116529.998779297,126239.99786377,128630.004882813,113139.999389648,111860.000610352,104870.002746582,99169.9981689453,105230.003356934,109529.998779297,112470.001220703,116709.999084473,..,..
Vanuatu,VUT,CO2 emissions (kt),EN.ATM.CO2E.KT,90,90,79.9999982118607,90.0000035762787,70.0000002980232,70.0000002980232,70.0000002980232,109.999999403954,100.000001490116,129.999995231628,129.999995231628,129.999995231628,119.999997317791,109.999999403954,159.999996423721,140.000000596046,180.000007152557,170.000001788139,209.999993443489,209.999993443489,..,..
"Venezuela, RB",VEN,CO2 emissions (kt),EN.ATM.CO2E.KT,131520,135800,140750,135770.004272461,139610.000610352,147380.004882813,147529.998779297,142389.999389648,151110.000610352,152589.996337891,164100.006103516,160039.993286133,181130.004882813,180429.992675781,179240.005493164,163130.004882813,151070.007324219,140820.007324219,132130.004882813,112339.996337891,..,..
Vietnam,VNM,CO2 emissions (kt),EN.ATM.CO2E.KT,51210,56720,66500,70900.0015258789,85050.0030517578,92370.002746582,94870.002746582,105139.999389648,117589.996337891,132289.993286133,151410.003662109,155970.001220703,155520.004272461,164300.003051758,180869.995117188,220649.993896484,223720.001220703,230449.996948242,285600.006103516,336489.990234375,..,..
Virgin Islands (U.S.),VIR,CO2 emissions (kt),EN.ATM.CO2E.KT,..,..,..,..,..,..,..,..,..,..,..,..,..,..,..,..,..,..,..,..,..,..
West Bank and Gaza,PSE,CO2 emissions (kt),EN.ATM.CO2E.KT,..,..,..,..,..,..,..,..,..,..,..,..,..,..,..,..,..,..,..,..,..,..
"Yemen, Rep.",YEM,CO2 emissions (kt),EN.ATM.CO2E.KT,15030,16070,16090.0001525879,18700.0007629395,19629.9991607666,21110.0006103516,21920.0000762939,23270.0004577637,24219.9993133545,26569.9996948242,25430.0003051758,22950.0007629395,21010.0002288818,27829.9999237061,27430.0003051758,13550.0001907349,10850.0003814697,10010.0002288818,9720.00026702881,11100.0003814697,..,..
Zambia,ZMB,CO2 emissions (kt),EN.ATM.CO2E.KT,1810,1840,1919.99995708466,2079.99992370605,2109.99989509583,2289.99996185303,2180.0000667572,1980.00001907349,2190.00005722046,2490.00000953674,2660.00008583069,3049.99995231628,4030.00020980835,4239.99977111816,4690.00005722046,4960.00003814697,5320.00017166138,6809.99994277954,7730.00001907349,6800.00019073486,..,..
Zimbabwe,ZWE,CO2 emissions (kt),EN.ATM.CO2E.KT,13700,13900,12489.9997711182,10180.0003051758,9770.00045776367,10510.0002288818,9829.99992370605,9760.00022888184,7599.99990463257,7750,9600.00038146973,11409.9998474121,12010.0002288818,12279.9997329712,12079.9999237061,12430.0003051758,11020.0004577637,10340.0001525879,12380.0001144409,11760.0002288818,..,..
,,,,,,,,,,,,,,,,,,,,,,,,,
,,,,,,,,,,,,,,,,,,,,,,,,,
,,,,,,,,,,,,,,,,,,,,,,,,,
Data from database: World Development Indicators,,,,,,,,,,,,,,,,,,,,,,,,,
Last Updated: 09/16/2022,,,,,,,,,,,,,,,,,,,,,,,,,
